[
  {
    "name": "global",
    "selector": "#canvas"
  },
  {
    "name": "form",
    "selector": "#canvas form"
  },
  {
    "name": "form-group",
    "selector": "#canvas form .form-group"
  },
  {
    "name": "form-control",
    "selector": "#canvas form .form-control, #canvas form .form-select"
  },
  {
    "name": "form-control-focus",
    "selector": "#canvas form .form-control:focus, #canvas form .form-select:focus"
  },
  {
    "name": "button-primary",
    "selector": "#canvas form .btn.btn-primary"
  },
  {
    "name": "button-primary-hover",
    "selector": "#canvas form .btn.btn-primary:hover, #canvas form .btn.btn-primary:active, #canvas form .btn.btn-primary:focus"
  },
  {
    "name": "button-default",
    "selector": "#canvas form .btn.btn-default"
  },
  {
    "name": "button-default-hover",
    "selector": "#canvas form .btn.btn-default:hover, #canvas form .btn.btn-default:active, #canvas form .btn.btn-default:focus"
  },
  {
    "name": "button-warning",
    "selector": "#canvas form .btn.btn-warning"
  },
  {
    "name": "button-warning-hover",
    "selector": "#canvas form .btn.btn-warning:hover, #canvas form .btn.btn-warning:active, #canvas form .btn.btn-warning:focus"
  },
  {
    "name": "button-danger",
    "selector": "#canvas form .btn.btn-danger"
  },
  {
    "name": "button-danger-hover",
    "selector": "#canvas form .btn.btn-danger:hover, #canvas form .btn.btn-danger:active, #canvas form .btn.btn-danger:focus"
  },
  {
    "name": "button-info",
    "selector": "#canvas form .btn.btn-danger"
  },
  {
    "name": "button-info-hover",
    "selector": "#canvas form .btn.btn-info:hover, #canvas form .btn.btn-info:active, #canvas form .btn.btn-info:focus"
  },
  {
    "name": "form-label",
    "selector": "#canvas form .form-label"
  },
  {
    "name": "placeholder",
    "selector": "#canvas form ::placeholder"
  },
  {
    "name": "heading",
    "selector": "#canvas form h1, #canvas form h2, #canvas form h3, #canvas form h4, #canvas form h5, #canvas form h6, #canvas form .legend"
  },
  {
    "name": "paragraph",
    "selector": "#canvas form p"
  },
  {
    "name": "form-text",
    "selector": "#canvas form .form-text"
  },
  {
    "name": "link",
    "selector": "#canvas form a"
  },
  {
    "name": "link-hover",
    "selector": "#canvas form a:hover"
  },
  {
    "name": "step",
    "selector": "#canvas form .steps .step .stage, #canvas form .steps .step:before, #canvas form .steps .step:after"
  },
  {
    "name": "step-stage",
    "selector": "#canvas form .steps .step .stage"
  },
  {
    "name": "step-connection",
    "selector": "#canvas form .steps .step:after, #canvas form .steps .step:before"
  },
  {
    "name": "step-current",
    "selector": "#canvas form .steps .step.current .stage, #canvas form .steps .step.current:after, #canvas form .steps .step.current:before"
  },
  {
    "name": "step-success",
    "selector": "#canvas form .steps .step.success .stage, #canvas form .steps .step.success:after, #canvas form .steps .step.success:before"
  },
  {
    "name": "step-title",
    "selector": "#canvas form .steps .step .title"
  },
  {
    "name": "step-current-title",
    "selector": "#canvas form .steps .step.current .title"
  },
  {
    "name": "step-success-title",
    "selector": "#canvas form .steps .step.success .title"
  },
  {
    "name": "alert",
    "selector": ".alert"
  },
  {
    "name": "alert-success",
    "selector": ".alert-success"
  },
  {
    "name": "alert-danger",
    "selector": ".alert-danger"
  },
  {
    "name": "alert-info",
    "selector": ".alert-info"
  },
  {
    "name": "alert-warning",
    "selector": ".alert-warning"
  },
  {
    "name": "validation-error-field",
    "selector": "#canvas form .has-validation .form-control:invalid, #canvas form .has-validation .form-select:invalid"
  },
  {
    "name": "validation-error-text",
    "selector": ".invalid-feedback"
  },
  {
    "name": "validation-symbol-asterisk",
    "selector": ".required .form-label:after, .required-control .form-label:after"
  },
  {
    "name": "recaptcha",
    "selector": "#recaptcha, .g-recaptcha"
  },
  {
    "name": "signature-pad",
    "selector": ".signature-pad"
  },
  {
    "name": "signature-canvas",
    "selector": ".signature-pad canvas"
  },
  {
    "name": "checkbox-input",
    "selector": "input[type=checkbox]"
  },
  {
    "name": "checkbox-input-checked",
    "selector": "input[type=checkbox]:checked"
  },
  {
    "name": "checkbox-label",
    "selector": "input[type=checkbox]+label"
  },
  {
    "name": "checkbox-label-checked",
    "selector": "input[type=checkbox]:checked+label"
  },
  {
    "name": "checkbox-container",
    "selector": "div:has(> input[type=checkbox])"
  },
  {
    "name": "radio-input",
    "selector": "input[type=radio]"
  },
  {
    "name": "radio-input-checked",
    "selector": "input[type=radio]:checked"
  },
  {
    "name": "radio-label",
    "selector": "input[type=radio]+label"
  },
  {
    "name": "radio-label-checked",
    "selector": "input[type=radio]:checked+label"
  },
  {
    "name": "radio-container",
    "selector": "div:has(> input[type=radio])"
  },
  {
    "name": "button-prev",
    "selector": ".btn.prev"
  },
  {
    "name": "button-prev-hover",
    "selector": "#canvas form .btn.prev:hover, #canvas form .btn.prev:active, #canvas form .btn.prev:focus"
  },
  {
    "name": "button-next",
    "selector": ".btn.next"
  },
  {
    "name": "button-next-hover",
    "selector": "#canvas form .btn.next:hover, #canvas form .btn.next:active, #canvas form .btn.next:focus"
  },
  {
    "name": "progress-bar-container",
    "selector": ".progress"
  },
  {
    "name": "progress-bar",
    "selector": ".progress-bar"
  },
  {
    "name": "table",
    "selector": ".table"
  },
  {
    "name": "well",
    "selector": ".well"
  },
  {
    "name": "input-group-text",
    "selector": "#canvas form .input-group-text"
  },
  {
    "name": "input-group-text-append",
    "selector": "#canvas form .form-control+.input-group-text"
  }
]