iso;country;language;id;region1;region2;region3;region4;locality;postcode;suburb;latitude;longitude;elevation;iso2;fips;nuts;hasc;stat;timezone;utc;dst;locality_type;is_postal;is_business;is_po_box;post_town
GB;United Kingdom;EN;1075788684;England;Greater London;;Brent;Kenton;HA3 0JA;;51.581595;-0.315256;54;GB-BEN;;UKI;GB.GL.BE;E09000005;Europe/London;+00:00;+01:00;town;1;1;0;HARROW
GB;United Kingdom;EN;1019281157;England;Greater London;;Brent;Kenton;HA3 0LH;;51.579186;-0.312777;56;GB-BEN;;UKI;GB.GL.BE;E09000005;Europe/London;+00:00;+01:00;town;1;0;0;HARROW
GB;United Kingdom;EN;1019281158;England;Greater London;;Brent;Kenton;HA3 0LJ;;51.579189;-0.311781;56;GB-BEN;;UKI;GB.GL.BE;E09000005;Europe/London;+00:00;+01:00;town;1;1;0;HARROW
GB;United Kingdom;EN;1019281159;England;Greater London;;Brent;Kenton;HA3 0LL;;51.578875;-0.309339;53;GB-BEN;;UKI;GB.GL.BE;E09000005;Europe/London;+00:00;+01:00;town;1;0;0;HARROW
GB;United Kingdom;EN;1019281160;England;Greater London;;Brent;Kenton;HA3 0LN;;51.579165;-0.310078;54;GB-BEN;;UKI;GB.GL.BE;E09000005;Europe/London;+00:00;+01:00;town;1;0;0;HARROW
GB;United Kingdom;EN;1019281161;England;Greater London;;Brent;Kenton;HA3 0LW;;51.579302;-0.307706;56;GB-BEN;;UKI;GB.GL.BE;E09000005;Europe/London;+00:00;+01:00;town;1;0;0;HARROW
GB;United Kingdom;EN;1019281162;England;Greater London;;Brent;Kenton;HA3 0NJ;;51.580730;-0.299556;52;GB-BEN;;UKI;GB.GL.BE;E09000005;Europe/London;+00:00;+01:00;town;1;0;0;HARROW
GB;United Kingdom;EN;1019281163;England;Greater London;;Brent;Kenton;HA3 0QT;;51.576636;-0.295668;51;GB-BEN;;UKI;GB.GL.BE;E09000005;Europe/London;+00:00;+01:00;town;1;0;0;HARROW
GB;United Kingdom;EN;1019281164;England;Greater London;;Brent;Kenton;HA3 0QU;;51.577620;-0.296497;49;GB-BEN;;UKI;GB.GL.BE;E09000005;Europe/London;+00:00;+01:00;town;1;0;0;HARROW
GB;United Kingdom;EN;1019281165;England;Greater London;;Brent;Kenton;HA3 0QX;;51.577409;-0.295639;51;GB-BEN;;UKI;GB.GL.BE;E09000005;Europe/London;+00:00;+01:00;town;1;0;0;HARROW
GB;United Kingdom;EN;1019281166;England;Greater London;;Brent;Kenton;HA3 0QY;;51.578830;-0.296856;45;GB-BEN;;UKI;GB.GL.BE;E09000005;Europe/London;+00:00;+01:00;town;1;0;0;HARROW
GB;United Kingdom;EN;1019281167;England;Greater London;;Brent;Kenton;HA3 0RA;;51.578457;-0.297217;46;GB-BEN;;UKI;GB.GL.BE;E09000005;Europe/London;+00:00;+01:00;town;1;0;0;HARROW
GB;United Kingdom;EN;1019281168;England;Greater London;;Brent;Kenton;HA3 0RB;;51.579931;-0.298403;49;GB-BEN;;UKI;GB.GL.BE;E09000005;Europe/London;+00:00;+01:00;town;1;0;0;HARROW
GB;United Kingdom;EN;1019281169;England;Greater London;;Brent;Kenton;HA3 0RD;;51.581352;-0.299605;49;GB-BEN;;UKI;GB.GL.BE;E09000005;Europe/London;+00:00;+01:00;town;1;1;0;HARROW
GB;United Kingdom;EN;1019281170;England;Greater London;;Brent;Kenton;HA3 0RE;;51.580396;-0.298169;47;GB-BEN;;UKI;GB.GL.BE;E09000005;Europe/London;+00:00;+01:00;town;1;0;0;HARROW
GB;United Kingdom;EN;1019281171;England;Greater London;;Brent;Kenton;HA3 0RF;;51.581750;-0.299201;48;GB-BEN;;UKI;GB.GL.BE;E09000005;Europe/London;+00:00;+01:00;town;1;0;0;HARROW
GB;United Kingdom;EN;1019281172;England;Greater London;;Brent;Kenton;HA3 0ST;;51.582177;-0.316317;52;GB-BEN;;UKI;GB.GL.BE;E09000005;Europe/London;+00:00;+01:00;town;1;0;0;HARROW
GB;United Kingdom;EN;1019281173;England;Greater London;;Brent;Kenton;HA3 0TS;;51.583720;-0.295533;39;GB-BEN;;UKI;GB.GL.BE;E09000005;Europe/London;+00:00;+01:00;town;1;0;0;HARROW
GB;United Kingdom;EN;1019281174;England;Greater London;;Brent;Kenton;HA3 0TT;;51.584693;-0.295020;40;GB-BEN;;UKI;GB.GL.BE;E09000005;Europe/London;+00:00;+01:00;town;1;0;0;HARROW
GB;United Kingdom;EN;1019281175;England;Greater London;;Brent;Kenton;HA3 0TU;;51.585090;-0.294515;41;GB-BEN;;UKI;GB.GL.BE;E09000005;Europe/London;+00:00;+01:00;town;1;0;0;HARROW
GB;United Kingdom;EN;1075788685;England;Greater London;;Brent;Kenton;HA3 0UX;;51.583378;-0.297971;39;GB-BEN;;UKI;GB.GL.BE;E09000005;Europe/London;+00:00;+01:00;town;1;1;0;HARROW
GB;United Kingdom;EN;1019281177;England;Greater London;;Brent;Kenton;HA3 0YB;;51.585055;-0.300102;39;GB-BEN;;UKI;GB.GL.BE;E09000005;Europe/London;+00:00;+01:00;town;1;0;0;HARROW
GB;United Kingdom;EN;1019281178;England;Greater London;;Brent;Kenton;HA3 0YD;;51.585730;-0.300164;42;GB-BEN;;UKI;GB.GL.BE;E09000005;Europe/London;+00:00;+01:00;town;1;0;0;HARROW
GB;United Kingdom;EN;1019464766;England;Greater London;;Harrow;North Harrow;HA2 6AE;;51.588469;-0.359319;49;GB-HRW;;UKI;GB.GL.HR;E09000015;Europe/London;+00:00;+01:00;town;1;1;0;HARROW
GB;United Kingdom;EN;1019464767;England;Greater London;;Harrow;North Harrow;HA2 6AF;;51.588327;-0.358833;49;GB-HRW;;UKI;GB.GL.HR;E09000015;Europe/London;+00:00;+01:00;town;1;0;0;HARROW
GB;United Kingdom;EN;1019464768;England;Greater London;;Harrow;North Harrow;HA2 6HX;;51.588914;-0.361584;56;GB-HRW;;UKI;GB.GL.HR;E09000015;Europe/London;+00:00;+01:00;town;1;0;0;HARROW
GB;United Kingdom;EN;1019464769;England;Greater London;;Harrow;North Harrow;HA2 6QJ;;51.593153;-0.347081;58;GB-HRW;;UKI;GB.GL.HR;E09000015;Europe/London;+00:00;+01:00;town;1;0;0;HARROW
GB;United Kingdom;EN;1019464770;England;Greater London;;Harrow;North Harrow;HA2 7DA;;51.579049;-0.361491;52;GB-HRW;;UKI;GB.GL.HR;E09000015;Europe/London;+00:00;+01:00;town;1;0;0;HARROW
GB;United Kingdom;EN;1019464771;England;Greater London;;Harrow;North Harrow;HA2 7DB;;51.578705;-0.362023;50;GB-HRW;;UKI;GB.GL.HR;E09000015;Europe/London;+00:00;+01:00;town;1;0;0;HARROW
GB;United Kingdom;EN;1019464772;England;Greater London;;Harrow;North Harrow;HA2 7DD;;51.580121;-0.363589;50;GB-HRW;;UKI;GB.GL.HR;E09000015;Europe/London;+00:00;+01:00;town;1;0;0;HARROW
GB;United Kingdom;EN;1019464773;England;Greater London;;Harrow;North Harrow;HA2 7DE;;51.580421;-0.363160;50;GB-HRW;;UKI;GB.GL.HR;E09000015;Europe/London;+00:00;+01:00;town;1;0;0;HARROW
GB;United Kingdom;EN;1019464774;England;Greater London;;Harrow;North Harrow;HA2 7DF;;51.581290;-0.364211;53;GB-HRW;;UKI;GB.GL.HR;E09000015;Europe/London;+00:00;+01:00;town;1;1;0;HARROW
GB;United Kingdom;EN;1019464775;England;Greater London;;Harrow;North Harrow;HA2 7LT;;51.578746;-0.370118;48;GB-HRW;;UKI;GB.GL.HR;E09000015;Europe/London;+00:00;+01:00;town;1;0;0;HARROW
GB;United Kingdom;EN;1019464776;England;Greater London;;Harrow;North Harrow;HA2 7NZ;;51.580157;-0.370689;51;GB-HRW;;UKI;GB.GL.HR;E09000015;Europe/London;+00:00;+01:00;town;1;1;0;HARROW
GB;United Kingdom;EN;1019464777;England;Greater London;;Harrow;North Harrow;HA2 7PZ;;51.583402;-0.366719;57;GB-HRW;;UKI;GB.GL.HR;E09000015;Europe/London;+00:00;+01:00;town;1;0;0;HARROW
GB;United Kingdom;EN;1019464778;England;Greater London;;Harrow;North Harrow;HA2 7QA;;51.582295;-0.365402;56;GB-HRW;;UKI;GB.GL.HR;E09000015;Europe/London;+00:00;+01:00;town;1;0;0;HARROW
GB;United Kingdom;EN;1019464779;England;Greater London;;Harrow;North Harrow;HA2 7QB;;51.582096;-0.365943;56;GB-HRW;;UKI;GB.GL.HR;E09000015;Europe/London;+00:00;+01:00;town;1;0;0;HARROW
GB;United Kingdom;EN;1019464780;England;Greater London;;Harrow;North Harrow;HA2 7QD;;51.583587;-0.367766;54;GB-HRW;;UKI;GB.GL.HR;E09000015;Europe/London;+00:00;+01:00;town;1;0;0;HARROW
GB;United Kingdom;EN;1019464781;England;Greater London;;Harrow;North Harrow;HA2 7QE;;51.584088;-0.367560;53;GB-HRW;;UKI;GB.GL.HR;E09000015;Europe/London;+00:00;+01:00;town;1;0;0;HARROW
GB;United Kingdom;EN;1019464782;England;Greater London;;Harrow;North Harrow;HA2 7QL;;51.586969;-0.373029;60;GB-HRW;;UKI;GB.GL.HR;E09000015;Europe/London;+00:00;+01:00;town;1;0;0;HARROW
GB;United Kingdom;EN;1019464783;England;Greater London;;Harrow;North Harrow;HA2 7QN;;51.586651;-0.373430;59;GB-HRW;;UKI;GB.GL.HR;E09000015;Europe/London;+00:00;+01:00;town;1;0;0;HARROW
GB;United Kingdom;EN;1030870103;England;Greater London;;Harrow;North Harrow;HA2 7SA;;51.584719;-0.361244;55;GB-HRW;;UKI;GB.GL.HR;E09000015;Europe/London;+00:00;+01:00;town;1;1;0;HARROW
GB;United Kingdom;EN;1019464785;England;Greater London;;Harrow;North Harrow;HA2 7SE;;51.585526;-0.361056;51;GB-HRW;;UKI;GB.GL.HR;E09000015;Europe/London;+00:00;+01:00;town;1;1;0;HARROW
GB;United Kingdom;EN;1019464786;England;Greater London;;Harrow;North Harrow;HA2 7SJ;;51.584336;-0.362167;55;GB-HRW;;UKI;GB.GL.HR;E09000015;Europe/London;+00:00;+01:00;town;1;1;0;HARROW
GB;United Kingdom;EN;1019464787;England;Greater London;;Harrow;North Harrow;HA2 7SR;;51.585091;-0.362111;54;GB-HRW;;UKI;GB.GL.HR;E09000015;Europe/London;+00:00;+01:00;town;1;1;0;HARROW
GB;United Kingdom;EN;1075801482;England;Greater London;;Harrow;North Harrow;HA2 7ST;;51.584758;-0.361445;54;GB-HRW;;UKI;GB.GL.HR;E09000015;Europe/London;+00:00;+01:00;town;1;1;0;HARROW
GB;United Kingdom;EN;1019464788;England;Greater London;;Harrow;North Harrow;HA2 7SU;;51.585668;-0.361585;51;GB-HRW;;UKI;GB.GL.HR;E09000015;Europe/London;+00:00;+01:00;town;1;1;0;HARROW
GB;United Kingdom;EN;1019464789;England;Greater London;;Harrow;North Harrow;HA2 7SW;;51.584585;-0.362562;54;GB-HRW;;UKI;GB.GL.HR;E09000015;Europe/London;+00:00;+01:00;town;1;1;0;HARROW
GB;United Kingdom;EN;1075801483;England;Greater London;;Harrow;North Harrow;HA2 7SX;;51.585615;-0.361630;51;GB-HRW;;UKI;GB.GL.HR;E09000015;Europe/London;+00:00;+01:00;town;1;1;0;HARROW
GB;United Kingdom;EN;1080889818;England;Greater London;;City of Westminster;London;EC4A 2AH;;51.513968;-0.111270;27;GB-WSM;;UKI;GB.GL.WE;E09000033;Europe/London;+00:00;+01:00;town;1;1;0;LONDON
GB;United Kingdom;EN;1080890788;England;Greater London;;City of Westminster;London;EC4Y 9BS;;51.511645;-0.111640;14;GB-WSM;;UKI;GB.GL.WE;E09000033;Europe/London;+00:00;+01:00;town;1;1;0;LONDON
GB;United Kingdom;EN;1080892501;England;Greater London;;City of Westminster;London;EC4Y 9BW;;51.511949;-0.112045;19;GB-WSM;;UKI;GB.GL.WE;E09000033;Europe/London;+00:00;+01:00;town;1;1;0;LONDON
GB;United Kingdom;EN;1080892502;England;Greater London;;City of Westminster;London;EC4Y 9DH;;51.512358;-0.112331;20;GB-WSM;;UKI;GB.GL.WE;E09000033;Europe/London;+00:00;+01:00;town;1;1;0;LONDON
GB;United Kingdom;EN;1080890704;England;Greater London;;City of Westminster;London;NW1 3AU;;51.523677;-0.143188;34;GB-WSM;;UKI;GB.GL.WE;E09000033;Europe/London;+00:00;+01:00;town;1;1;0;LONDON
GB;United Kingdom;EN;1080893270;England;Greater London;;City of Westminster;London;NW1 4AQ;;51.524271;-0.143740;36;GB-WSM;;UKI;GB.GL.WE;E09000033;Europe/London;+00:00;+01:00;town;1;1;0;LONDON
GB;United Kingdom;EN;1080891444;England;Greater London;;City of Westminster;London;NW1 4HB;;51.530830;-0.165705;38;GB-WSM;;UKI;GB.GL.WE;E09000033;Europe/London;+00:00;+01:00;town;1;0;0;LONDON
GB;United Kingdom;EN;1080896201;England;Greater London;;City of Westminster;London;NW1 4LJ;;51.524112;-0.148504;34;GB-WSM;;UKI;GB.GL.WE;E09000033;Europe/London;+00:00;+01:00;town;1;1;0;LONDON
GB;United Kingdom;EN;1080891445;England;Greater London;;City of Westminster;London;NW1 4LL;;51.524680;-0.148005;31;GB-WSM;;UKI;GB.GL.WE;E09000033;Europe/London;+00:00;+01:00;town;1;0;0;LONDON
GB;United Kingdom;EN;1080890705;England;Greater London;;City of Westminster;London;NW1 4NR;;51.528551;-0.150558;38;GB-WSM;;UKI;GB.GL.WE;E09000033;Europe/London;+00:00;+01:00;town;1;1;0;LONDON
GB;United Kingdom;EN;1080892525;England;Greater London;;City of Westminster;London;NW1 4NS;;51.525745;-0.155660;38;GB-WSM;;UKI;GB.GL.WE;E09000033;Europe/London;+00:00;+01:00;town;1;1;0;LONDON
GB;United Kingdom;EN;1080891446;England;Greater London;;City of Westminster;London;NW1 4NT;;51.527512;-0.156540;40;GB-WSM;;UKI;GB.GL.WE;E09000033;Europe/London;+00:00;+01:00;town;1;0;0;LONDON
GB;United Kingdom;EN;1080892526;England;Greater London;;City of Westminster;London;NW1 4NU;;51.528298;-0.154461;41;GB-WSM;;UKI;GB.GL.WE;E09000033;Europe/London;+00:00;+01:00;town;1;1;0;LONDON
GB;United Kingdom;EN;1080891447;England;Greater London;;City of Westminster;London;NW1 4NX;;51.529506;-0.152941;39;GB-WSM;;UKI;GB.GL.WE;E09000033;Europe/London;+00:00;+01:00;town;1;0;0;LONDON
GB;United Kingdom;EN;1080891448;England;Greater London;;City of Westminster;London;NW1 4NY;;51.528603;-0.152171;41;GB-WSM;;UKI;GB.GL.WE;E09000033;Europe/London;+00:00;+01:00;town;1;0;0;LONDON
GB;United Kingdom;EN;1080893505;England;Greater London;;City of Westminster;London;NW1 4PA;;51.528738;-0.151560;40;GB-WSM;;UKI;GB.GL.WE;E09000033;Europe/London;+00:00;+01:00;town;1;0;0;LONDON
GB;United Kingdom;EN;1080890706;England;Greater London;;City of Westminster;London;NW1 4PJ;;51.524489;-0.149050;33;GB-WSM;;UKI;GB.GL.WE;E09000033;Europe/London;+00:00;+01:00;town;1;1;0;LONDON
GB;United Kingdom;EN;1080891449;England;Greater London;;City of Westminster;London;NW1 4PN;;51.524057;-0.148996;34;GB-WSM;;UKI;GB.GL.WE;E09000033;Europe/London;+00:00;+01:00;town;1;0;0;LONDON
GB;United Kingdom;EN;1080891450;England;Greater London;;City of Westminster;London;NW1 4PP;;51.524098;-0.148720;34;GB-WSM;;UKI;GB.GL.WE;E09000033;Europe/London;+00:00;+01:00;town;1;0;0;LONDON
GB;United Kingdom;EN;1080891174;England;Greater London;;City of Westminster;London;NW1 4PR;;51.523588;-0.149454;40;GB-WSM;;UKI;GB.GL.WE;E09000033;Europe/London;+00:00;+01:00;town;1;0;0;LONDON
GB;United Kingdom;EN;1080891451;England;Greater London;;City of Westminster;London;NW1 4PS;;51.524057;-0.149587;32;GB-WSM;;UKI;GB.GL.WE;E09000033;Europe/London;+00:00;+01:00;town;1;0;0;LONDON
GB;United Kingdom;EN;1080890707;England;Greater London;;City of Westminster;London;NW1 4PT;;51.524062;-0.151057;35;GB-WSM;;UKI;GB.GL.WE;E09000033;Europe/London;+00:00;+01:00;town;1;0;0;LONDON
GB;United Kingdom;EN;1080891452;England;Greater London;;City of Westminster;London;NW1 4QA;;51.523520;-0.154279;34;GB-WSM;;UKI;GB.GL.WE;E09000033;Europe/London;+00:00;+01:00;town;1;0;0;LONDON
GB;United Kingdom;EN;1080891058;England;Greater London;;City of Westminster;London;NW1 4QB;;51.523196;-0.153611;34;GB-WSM;;UKI;GB.GL.WE;E09000033;Europe/London;+00:00;+01:00;town;1;0;0;LONDON
GB;United Kingdom;EN;1080890978;England;Greater London;;City of Westminster;London;NW1 4QD;;51.523195;-0.153615;34;GB-WSM;;UKI;GB.GL.WE;E09000033;Europe/London;+00:00;+01:00;town;1;0;0;LONDON
GB;United Kingdom;EN;1080891059;England;Greater London;;City of Westminster;London;NW1 4QE;;51.523202;-0.153613;34;GB-WSM;;UKI;GB.GL.WE;E09000033;Europe/London;+00:00;+01:00;town;1;0;0;LONDON
GB;United Kingdom;EN;1080890473;England;Greater London;;City of Westminster;London;NW1 4QG;;51.523383;-0.153016;33;GB-WSM;;UKI;GB.GL.WE;E09000033;Europe/London;+00:00;+01:00;town;1;1;0;LONDON
GB;United Kingdom;EN;1080890708;England;Greater London;;City of Westminster;London;NW1 4QP;;51.523718;-0.156563;36;GB-WSM;;UKI;GB.GL.WE;E09000033;Europe/London;+00:00;+01:00;town;1;1;0;LONDON
GB;United Kingdom;EN;1080891453;England;Greater London;;City of Westminster;London;NW1 4RB;;51.524600;-0.158921;31;GB-WSM;;UKI;GB.GL.WE;E09000033;Europe/London;+00:00;+01:00;town;1;0;0;LONDON
GB;United Kingdom;EN;1080891454;England;Greater London;;City of Westminster;London;NW1 4RD;;51.525013;-0.159466;34;GB-WSM;;UKI;GB.GL.WE;E09000033;Europe/London;+00:00;+01:00;town;1;0;0;LONDON
GB;United Kingdom;EN;1080892527;England;Greater London;;City of Westminster;London;NW1 4RG;;51.526808;-0.162118;38;GB-WSM;;UKI;GB.GL.WE;E09000033;Europe/London;+00:00;+01:00;town;1;1;0;LONDON
GB;United Kingdom;EN;1080891455;England;Greater London;;City of Westminster;London;NW1 4RH;;51.527547;-0.163329;35;GB-WSM;;UKI;GB.GL.WE;E09000033;Europe/London;+00:00;+01:00;town;1;0;0;LONDON
GB;United Kingdom;EN;1080891456;England;Greater London;;City of Westminster;London;NW1 4RJ;;51.527748;-0.162974;35;GB-WSM;;UKI;GB.GL.WE;E09000033;Europe/London;+00:00;+01:00;town;1;0;0;LONDON
GB;United Kingdom;EN;1080891457;England;Greater London;;City of Westminster;London;NW1 4RL;;51.534404;-0.168863;44;GB-WSM;;UKI;GB.GL.WE;E09000033;Europe/London;+00:00;+01:00;town;1;0;0;LONDON
GB;United Kingdom;EN;1080891458;England;Greater London;;City of Westminster;London;NW1 4RP;;51.527196;-0.163328;36;GB-WSM;;UKI;GB.GL.WE;E09000033;Europe/London;+00:00;+01:00;town;1;0;0;LONDON
GB;United Kingdom;EN;1080891459;England;Greater London;;City of Westminster;London;NW1 4RT;;51.530740;-0.164555;38;GB-WSM;;UKI;GB.GL.WE;E09000033;Europe/London;+00:00;+01:00;town;1;0;0;LONDON
GB;United Kingdom;EN;1080892528;England;Greater London;;City of Westminster;London;NW1 4RU;;51.532569;-0.157878;33;GB-WSM;;UKI;GB.GL.WE;E09000033;Europe/London;+00:00;+01:00;town;1;1;0;LONDON
GB;United Kingdom;EN;1080892529;England;Greater London;;City of Westminster;London;NW1 4RY;;51.535718;-0.155732;39;GB-WSM;;UKI;GB.GL.WE;E09000033;Europe/London;+00:00;+01:00;town;1;1;0;LONDON
GB;United Kingdom;EN;1080892530;England;Greater London;;City of Westminster;London;NW1 4SA;;51.526581;-0.161378;36;GB-WSM;;UKI;GB.GL.WE;E09000033;Europe/London;+00:00;+01:00;town;1;1;0;LONDON
GB;United Kingdom;EN;1080891567;England;Greater London;;City of Westminster;London;NW1 4SH;;51.525255;-0.160004;34;GB-WSM;;UKI;GB.GL.WE;E09000033;Europe/London;+00:00;+01:00;town;1;1;0;LONDON
GB;United Kingdom;EN;1080891460;England;Greater London;;City of Westminster;London;NW1 4SJ;;51.526168;-0.163182;35;GB-WSM;;UKI;GB.GL.WE;E09000033;Europe/London;+00:00;+01:00;town;1;0;0;LONDON
GB;United Kingdom;EN;1080891461;England;Greater London;;City of Westminster;London;NW1 4SL;;51.526566;-0.163887;34;GB-WSM;;UKI;GB.GL.WE;E09000033;Europe/London;+00:00;+01:00;town;1;0;0;LONDON
GB;United Kingdom;EN;1080891462;England;Greater London;;City of Westminster;London;NW1 4SN;;51.526898;-0.164436;40;GB-WSM;;UKI;GB.GL.WE;E09000033;Europe/London;+00:00;+01:00;town;1;0;0;LONDON
GB;United Kingdom;EN;1080891060;England;Greater London;;City of Westminster;London;NW1 5AB;;51.522150;-0.159173;37;GB-WSM;;UKI;GB.GL.WE;E09000033;Europe/London;+00:00;+01:00;town;1;0;0;LONDON
GB;United Kingdom;EN;1080890471;England;Greater London;;City of Westminster;London;NW1 5AD;;51.522140;-0.159178;37;GB-WSM;;UKI;GB.GL.WE;E09000033;Europe/London;+00:00;+01:00;town;1;1;0;LONDON
GB;United Kingdom;EN;1080891061;England;Greater London;;City of Westminster;London;NW1 5AE;;51.522142;-0.159176;37;GB-WSM;;UKI;GB.GL.WE;E09000033;Europe/London;+00:00;+01:00;town;1;0;0;LONDON
GB;United Kingdom;EN;1080891062;England;Greater London;;City of Westminster;London;NW1 5AF;;51.522147;-0.159176;37;GB-WSM;;UKI;GB.GL.WE;E09000033;Europe/London;+00:00;+01:00;town;1;0;0;LONDON
GB;United Kingdom;EN;1080891063;England;Greater London;;City of Westminster;London;NW1 5AG;;51.522145;-0.159173;37;GB-WSM;;UKI;GB.GL.WE;E09000033;Europe/London;+00:00;+01:00;town;1;0;0;LONDON
GB;United Kingdom;EN;1080891064;England;Greater London;;City of Westminster;London;NW1 5AH;;51.522150;-0.159173;37;GB-WSM;;UKI;GB.GL.WE;E09000033;Europe/London;+00:00;+01:00;town;1;0;0;LONDON
GB;United Kingdom;EN;1080892531;England;Greater London;;City of Westminster;London;NW1 5AL;;51.522309;-0.160209;34;GB-WSM;;UKI;GB.GL.WE;E09000033;Europe/London;+00:00;+01:00;town;1;1;0;LONDON
GB;United Kingdom;EN;1080891463;England;Greater London;;City of Westminster;London;NW1 5AN;;51.522205;-0.160488;34;GB-WSM;;UKI;GB.GL.WE;E09000033;Europe/London;+00:00;+01:00;town;1;0;0;LONDON
